{
    "users": [
        {
            "nickname": "user0",
            "password": "user0pswd",
            "money": 1000,
            "squares": [
                {
                    "x": 0,
                    "y": 0,
                    "brightness": 128
                }
            ]
        },
        {
            "nickname": "prueba",
            "password": "prueba",
            "money": "980",
            "squares": [
                {
                    "x": 0,
                    "y": 0,
                    "brightness": 68
                },
                {
                    "x": 100,
                    "y": 0,
                    "brightness": 98
                },
                {
                    "x": 200,
                    "y": 0,
                    "brightness": 128
                }
            ]
        }
    ]
}